<?xml version="1.0" encoding="UTF-8"?>
<!DOCTYPE mapper
  PUBLIC "-//mybatis.org//DTD Mapper 3.0//EN"
  "http://mybatis.org/dtd/mybatis-3-mapper.dtd">
  
  <mapper namespace="commentMapper">
  	
  	<select id="getNum" resultType="java.lang.Integer">
  		select comments_seq.nextval from dual
  	</select>
  	
  	<select id="totalCount" parameterType="Pager" resultType="java.lang.Integer">
  		select count(num) from comments
  	</select>
  	
  	<select id="list" parameterType="java.util.HashMap" resultType="CommentDTO">
  		select * from comments where storyNum = #{storyNum} order by num asc
  	</select>
  	
  	<insert id="insert" parameterType="CommentDTO">
  		insert into comments values(#{num}, #{writer}, #{comments}, sysdate, #{storyNum})
  	</insert>
  	
  	<update id="update" parameterType="CommentDTO">
  		update comments set comments=#{comments} where num=#{num}
  	</update>
  	
  	<delete id="delete" parameterType="java.lang.Integer">
  		delete comments where num=#{num}
  	</delete>
  	
  </mapper>
  