<?xml version="1.0" encoding="UTF-8"?>
<!DOCTYPE mapper
  PUBLIC "-//mybatis.org//DTD Mapper 3.0//EN"
  "http://mybatis.org/dtd/mybatis-3-mapper.dtd">
  
  <mapper namespace="likeMapper">
  	
  	<select id="select" parameterType="LikeDTO" resultType="LikeDTO">
  		select * from 
  		(select * from likes where storyNum=#{storyNum}) where memberId=#{memberId}
  	</select>
  	
  	<insert id="like" parameterType="LikeDTO">
  		insert into likes values (#{storyNum}, #{memberId})
  	</insert>
  	
  	<delete id="delete" parameterType="LikeDTO">
  		delete likes where storyNum=#{storyNum} and memberId=#{memberId}
  	</delete>
  	
  	<select id="count" parameterType="LikeDTO" resultType="java.lang.Integer">
  		select count(memberId) from likes where storyNum=#{storyNum}
  	</select>
  	
  </mapper>