<?xml version="1.0" encoding="UTF-8"?>
<!DOCTYPE mapper
  PUBLIC "-//mybatis.org//DTD Mapper 3.0//EN"
  "http://mybatis.org/dtd/mybatis-3-mapper.dtd">
  
  <mapper namespace="memberMapper">
  	
  	<!-- signup -->
  	<insert id="signup" parameterType="MemberDTO">
  		insert into member values (#{id}, #{pw}, #{nickname}, #{email}, #{grade})
  	</insert>
  	
  	<!-- idCheck -->
  	<select id="idCheck" parameterType="java.lang.String" resultType="MemberDTO">
  		select * from member where id=#{id}
  	</select>
  	
  	<!-- login -->
  	<select id="login" parameterType="MemberDTO" resultType="MemberDTO">
  		select * from member where id=#{id} and pw=#{pw}
  	</select>
  	
  	<!-- forgotId -->
  	<select id="forgotId" parameterType="MemberDTO" resultType="MemberDTO">
  		select id from member where email=#{email}
  	</select>
  	
  	<!-- forgotPw -->
  	<select id="forgotPw" parameterType="MemberDTO" resultType="MemberDTO">
  		select pw from member where id=#{id} and email=#{email}
  	</select>
  	
  	<!-- update -->
  	<update id="update" parameterType="MemberDTO">
  		update member set pw=#{pw}, nickname=#{nickname}, email=#{email} where id=#{id}
  	</update>
  	
  	<!-- delete -->
  	<delete id="delete" parameterType="java.lang.String">
  		delete member where id=#{id}
  	</delete>
  	
  	<!-- myPage -->
  	
  	
  	<!-- logout -->
  	
  	
  </mapper>