<?xml version="1.0" encoding="UTF-8"?>
<!DOCTYPE configuration
  PUBLIC "-//mybatis.org//DTD Config 3.0//EN"
  "http://mybatis.org/dtd/mybatis-3-config.dtd">
  
  <configuration>
  	<typeAliases>
  		<typeAlias type="com.cyj.info.InfoDTO" alias="InfoDTO"/>
  		<typeAlias type="com.cyj.interior.InteriorDTO" alias="InteriorDTO"/>
  		<typeAlias type="com.cyj.story.StoryDTO" alias="StoryDTO"/>
  		<typeAlias type="com.cyj.comment.CommentDTO" alias="CommentDTO"/>
  		<typeAlias type="com.cyj.like.LikeDTO" alias="LikeDTO"/>
  		<typeAlias type="com.cyj.member.MemberDTO" alias="MemberDTO"/>
  		<typeAlias type="com.cyj.util.Pager" alias="Pager"/>
  		<typeAlias type="com.cyj.file.FileDTO" alias="FileDTO"/>
  	</typeAliases>
  </configuration>