<?xml version="1.0" encoding="UTF-8"?>
<!DOCTYPE mapper
  PUBLIC "-//mybatis.org//DTD Mapper 3.0//EN"
  "http://mybatis.org/dtd/mybatis-3-mapper.dtd">
  
  <mapper namespace="infoMapper">
  	
  	<select id="getNum" resultType="java.lang.Integer">
  		select info_seq.nextval from dual
  	</select>
  	
  	<select id="totalCount" parameterType="Pager" resultType="java.lang.Integer">
  		select count(num) from info
  	</select>
  	
  	<select id="list" parameterType="Pager" resultType="infoDTO">
  		select * from info order by num desc
  	</select>
  	
  	<select id="select" parameterType="java.lang.Integer" resultType="InfoDTO">
  		select * from info where num = #{num}
  	</select>
  	
  	<select id="selectedMain" resultType="InfoDTO">
  		select * from info where classify='main'
  	</select>
  	
  	<update id="infoMain" parameterType="InfoDTO">
  		update info set classify='main' where num=#{num}
  	</update>
  	
  	<update id="infoOthers" parameterType="InfoDTO">
  		update info set classify='others' where num!=#{num}
  	</update>
  	
  	<insert id="insert" parameterType="InfoDTO">
  		insert into info values (#{num}, #{title}, #{writer}, #{contents}, sysdate, 'others')
  	</insert>
  	
  	<update id="update" parameterType="InfoDTO">
  		update info set contents=#{contents} where num=#{num}
  	</update>
  	
  	<delete id="delete" parameterType="java.lang.Integer">
  		delete info where num=#{num}
  	</delete>
  	
  </mapper>
  