<?xml version="1.0" encoding="UTF-8"?>
<!DOCTYPE mapper
  PUBLIC "-//mybatis.org//DTD Mapper 3.0//EN"
  "http://mybatis.org/dtd/mybatis-3-mapper.dtd">
  
  <mapper namespace="interiorMapper">
  	
  	<select id="getNum" resultType="java.lang.Integer">
  		select interior_seq.nextval from dual
  	</select>
  	
  	<select id="totalCount" parameterType="Pager" resultType="java.lang.Integer">
  		select count(num) from interior <!-- where
  		<choose>
  			<when test="kind">
  				
  			</when>
  		</choose>
  		
  		like '%'||#{search}||'%' -->
  	</select>
  	
  	<select id="list" parameterType="java.util.HashMap" resultType="InteriorDTO">
  		select * from 
  		(select rownum R, I.* from 
  		(select * from interior 
  		<where>
	  		<if test="interiorDTO.type != 'all'">
	  			type = #{interiorDTO.type} 
	  		</if>
	  		<if test="interiorDTO.space != 'all'">
	  			and space = #{interiorDTO.space} 
	  		</if>
	  		<if test="interiorDTO.style != 'all'">
	  			and style = #{interiorDTO.style} 
	  		</if>
  		</where>
  		<choose>
  			<when test="interiorDTO.type=='all' and interiorDTO.space=='all' and interiorDTO.style=='all'">
  				where title like '%'||#{pager.keyword}||'%' order by num desc) I) 
  				where R between #{pager.startRow} and #{pager.lastRow}
  			</when>
  			<otherwise>
  				and title like '%'||#{pager.keyword}||'%' order by num desc) I) 
  				where R between #{pager.startRow} and #{pager.lastRow}
  			</otherwise>
  		</choose>
  	
  	</select>
  	
  	<select id="select" parameterType="java.lang.Integer" resultType="InteriorDTO">
  		select * from interior where num = #{num}
  	</select>
  	
  	<insert id="insert" parameterType="InteriorDTO">
  		insert into interior values(#{num}, #{title}, #{writer}, #{contents}, sysdate, 0, 
  		#{likes}, #{type}, #{space}, #{style}, #{owner})
  	</insert>
  	
  	<update id="update" parameterType="InteriorDTO">
  		update interior set title=#{title}, contents=#{contents}, type=#{type}, space=#{space}, style=#{style}, owner=#{owner} where num=#{num}
  	</update>
  	
  	<delete id="delete" parameterType="java.lang.Integer">
  		delete interior where num=#{num}
  	</delete>
  	
  </mapper>