<?xml version="1.0" encoding="UTF-8"?>
<!DOCTYPE mapper
  PUBLIC "-//mybatis.org//DTD Mapper 3.0//EN"
  "http://mybatis.org/dtd/mybatis-3-mapper.dtd">
  
  <mapper namespace="storyMapper">
 	
 	<select id="getNum" resultType="java.lang.Integer">
 		select story_seq.nextval from dual
 	</select>
 	
 	<select id="totalCount" parameterType="Pager" resultType="java.lang.Integer">
 		select count(num) from story
 	</select>
 	 
  	<select id="list" parameterType="Pager" resultType="StoryDTO">
  		select * from 
  		(select rownum R, S.* from
  		(select * from story order by num desc) S)
  		where R between #{startRow} and #{lastRow}
  	</select>
  	
  	<insert id="insert" parameterType="StoryDTO">
  		insert into story values(#{num}, #{writer}, #{contents}, sysdate)
  	</insert>
  	
  	<update id="update" parameterType="StoryDTO">
  		update story set contents=#{contents} where num=#{num}
  	</update>
  	
  	<delete id="delete" parameterType="java.lang.Integer">
  		delete story where num=#{num}
  	</delete>
  	
  	<select id="likeCount" parameterType="StoryDTO" resultType="java.lang.Integer">
  		select count(storyNum) from likes 
  		where storyNum=(select num from story where num=#{num})
  	</select>
  	
  </mapper>